centre_id,pop_1994,pop_2004
010660103,509.0,3726.0
010660303,391.0,222.0
010660305,672.0,5832.0
010660307,290.0,6036.0
010660309,392.0,833.0
010660503,253.0,3864.0
013910101,29831.0,58104.0
013910501,867.0,6597.0
013910503,436.0,2973.0
013910505,393.0,519.0
013910507,533.0,3005.0
013910901,1374.0,5345.0
013910903,810.0,2311.0
021210101,15167.0,36843.0
021210301,4716.0,6740.0
021210303,1294.0,1385.0
021210305,514.0,1161.0
023210101,4334.0,10229.0
023210103,136950.0,183691.0
023210105,4506.0,5615.0
023210301,1985.0,2519.0
023210303,1540.0,1745.0
023210305,918.0,1419.0
023210501,1334.0,1583.0
023210503,966.0,878.0
023210505,882.0,1089.0
023210507,563.0,1255.0
030710101,8323.0,12905.0
030710103,2759.0,12653.0
030710301,1394.0,2234.0
030710303,2081.0,2004.0
030710305,5463.0,4177.0
030710501,1193.0,7331.0
030710503,635.0,2231.0
032210101,28750.0,40347.0
032210301,1960.0,4398.0
032210303,2940.0,8769.0
032210305,2195.0,2000.0
032210307,1215.0,1820.0
032210309,2666.0,3092.0
032610101,8638.0,11982.0
032610103,72563.0,95749.0
032610301,3539.0,3481.0
032610303,2527.0,1309.0
032610305,1739.0,1768.0
032610307,12399.0,11962.0
032610309,5380.0,3343.0
0326103112,,4224.0
0326103113,,6983.0
032610313,5632.0,5433.0
032610501,2623.0,2396.0
032610503,2557.0,1819.0
032610505,3754.0,3715.0
032610507,1783.0,1102.0
032610509,3950.0,3404.0
032610511,1260.0,766.0
032610513,2891.0,2538.0
032610515,1460.0,1357.0
032610517,1201.0,1020.0
032610519,1406.0,1138.0
032610521,696.0,1196.0
035210101,45821.0,60698.0
035210103,7846.0,6407.0
035210301,1216.0,1023.0
035210303,916.0,771.0
035210501,604.0,390.0
035210503,883.0,316.0
035210505,793.0,541.0
035510101,6519.0,7102.0
035510103,7040.0,7089.0
035510105,9903.0,9630.0
035510107,12549.0,15239.0
035510301,3203.0,2776.0
035510303,6738.0,7012.0
035510305,7551.0,7217.0
035510307,2327.0,2231.0
035510501,2976.0,2923.0
035510503,6832.0,6725.0
035510505,7797.0,8490.0
035510507,3011.0,2934.0
035510509,10182.0,9927.0
035510511,4978.0,5066.0
035510701,5843.0,5916.0
035510703,4327.0,4002.0
035510705,3411.0,3988.0
035510707,5004.0,4751.0
035510709,4351.0,4110.0
035510711,4756.0,4490.0
040010101,254865.0,346106.0
040010501,9482.0,10020.0
0400105032,,5673.0
0400105033,,21810.0
040010505,5092.0,4873.0
040010507,3922.0,3803.0
0400105092,,20044.0
0400105093,,17071.0
040010511,4157.0,4279.0
040010513,6370.0,6351.0
040010515,8645.0,9353.0
040010521,5739.0,5703.0
040010523,5257.0,5348.0
040010525,16063.0,17442.0
040010529,9447.0,10078.0
041630103,3638.0,4767.0
041630111,13885.0,25928.0
041630305,5018.0,4555.0
041630307,7715.0,7366.0
041630309,7476.0,5886.0
041630313,4360.0,3831.0
041630315,3959.0,3151.0
041630325,9524.0,9068.0
041630333,4868.0,3536.0
041630335,7300.0,6552.0
041630337,7115.0,6526.0
041630339,2308.0,1951.0
041630503,12122.0,11414.0
041630511,18775.0,22406.0
041630519,16865.0,21542.0
0416305212,,7527.0
0416305213,,8999.0
041630531,7691.0,8571.0
041630701,25258.0,47458.0
041630717,12380.0,11748.0
041630723,27166.0,39386.0
041630727,16492.0,24639.0
041630729,10651.0,10438.0
042730105,82825.0,130370.0
042730113,72251.0,89367.0
042730115,92534.0,112753.0
0427305172,,9617.0
0427305173,,38220.0
042730519,11280.0,12902.0
0427305272,,11483.0
0427305273,,14902.0
044010103,9908.0,11179.0
044010105,10524.0,14190.0
044010107,39203.0,56616.0
044010109,3813.0,6185.0
044010111,30471.0,36391.0
044010301,9042.0,9233.0
044010303,8654.0,7593.0
044010305,10632.0,12040.0
044010307,13634.0,14014.0
044010309,7690.0,8191.0
044010311,15065.0,15361.0
044010313,9255.0,9633.0
044010315,14132.0,14211.0
044010317,13628.0,14660.0
044010501,4073.0,4557.0
044010503,6717.0,7591.0
044010505,3607.0,4059.0
044010507,4079.0,4471.0
044010509,11650.0,13082.0
044010511,12211.0,14864.0
044010513,3972.0,4466.0
044010515,17707.0,19182.0
044010517,13672.0,15738.0
044010519,4289.0,3936.0
044010521,5993.0,8107.0
044010523,7560.0,8902.0
044010525,15719.0,16387.0
044010527,11695.0,13636.0
044010529,9110.0,10445.0
044010531,5953.0,5665.0
044010533,13594.0,12844.0
044010701,9843.0,8815.0
044010703,8515.0,8140.0
044010705,20048.0,19968.0
0440107072,,20072.0
0440107073,,2808.0
0440107092,,9703.0
0440107093,,21168.0
044010711,11262.0,11877.0
045410101,4881.0,9984.0
045410103,6525.0,9222.0
045410105,4558.0,4624.0
045410107,9211.0,15369.0
045410109,47126.0,66183.0
045410111,4963.0,5844.0
045410113,57136.0,69489.0
045410301,5503.0,5098.0
045410303,3575.0,2988.0
045410305,4238.0,3873.0
045410307,6369.0,5943.0
045410309,3461.0,3103.0
045410311,3053.0,2366.0
045410313,2886.0,2357.0
045410315,3440.0,3027.0
045410317,4602.0,4042.0
045410319,2865.0,2503.0
045410321,2803.0,2329.0
045410323,5806.0,5630.0
045410325,4069.0,3612.0
045410327,2954.0,2808.0
045410329,2539.0,2172.0
045410331,3654.0,3000.0
0454104072,,12762.0
0454104073,,5756.0
045410409,6773.0,7301.0
045410413,12542.0,12811.0
045410417,6634.0,6431.0
045410421,5466.0,5405.0
045410423,8723.0,10034.0
045410425,6939.0,8251.0
045410429,9256.0,10519.0
045410433,7423.0,9736.0
045410435,8168.0,8417.0
045410437,7313.0,7467.0
045410439,4087.0,4014.0
045410447,7404.0,7554.0
045410449,6405.0,6559.0
045410453,5477.0,5662.0
045410459,4915.0,4773.0
045410461,4937.0,5513.0
045410465,7302.0,7412.0
045410467,5394.0,5391.0
045410469,9022.0,8484.0
045410501,8202.0,8286.0
045410503,5637.0,5327.0
045410505,5209.0,5512.0
045410507,6563.0,6465.0
045410509,6971.0,7664.0
045410511,16965.0,19989.0
045410513,6824.0,7398.0
045410515,9910.0,10624.0
045410517,15549.0,17322.0
045410519,8034.0,8881.0
045410521,9413.0,10651.0
045410523,8398.0,9832.0
045410525,12124.0,13753.0
045410527,10195.0,13727.0
045410529,10040.0,12074.0
045410531,4341.0,4369.0
045410533,6252.0,6180.0
045410701,8424.0,8756.0
045410703,6230.0,6339.0
045410705,7399.0,7447.0
045410707,7232.0,7275.0
045410709,7498.0,8296.0
045410711,4665.0,5045.0
045410713,8860.0,9323.0
045410715,6972.0,7507.0
045410717,7702.0,7818.0
045410719,6929.0,7308.0
045410721,5995.0,5986.0
045410723,8390.0,9119.0
045410725,8111.0,8645.0
045410901,10273.0,13854.0
045410903,8453.0,9553.0
045410905,4986.0,5285.0
045410911,5902.0,6855.0
045410915,6658.0,7685.0
045410919,5840.0,6023.0
045410927,9718.0,9320.0
045410931,5184.0,4994.0
045410941,3816.0,4543.0
045410943,7390.0,9085.0
045410945,5403.0,8414.0
045410951,8952.0,9328.0
045410955,5131.0,4982.0
045410957,5212.0,5676.0
045410963,2513.0,2817.0
045410971,7723.0,9511.0
045810101,3329.0,4194.0
045810103,19722.0,20051.0
045810105,3949.0,4931.0
045810107,43001.0,53682.0
045810301,5620.0,5026.0
045810303,7033.0,6619.0
045810305,8867.0,8228.0
045810307,8482.0,8170.0
045810309,3960.0,4256.0
045810311,4477.0,3619.0
045810313,10383.0,9867.0
045810315,7723.0,6250.0
045810317,3488.0,2734.0
045810501,4396.0,3921.0
045810503,2977.0,2781.0
045810505,4267.0,3549.0
045810507,6803.0,7026.0
045810509,7551.0,5028.0
045810511,6273.0,5471.0
045810513,11816.0,12268.0
045810515,5253.0,4534.0
045810701,5851.0,5842.0
045810703,8151.0,8093.0
045810705,4649.0,4496.0
045810707,5492.0,5194.0
045810709,8252.0,8329.0
045810711,5407.0,5233.0
045810713,7733.0,6960.0
045810715,7528.0,6932.0
045810717,8205.0,7879.0
045810901,3978.0,4205.0
045810903,6270.0,5472.0
045810905,4847.0,4281.0
045810907,2466.0,1992.0
045810909,3682.0,3096.0
045810911,2396.0,1887.0
045811101,8119.0,7503.0
045811103,13561.0,12944.0
045811105,12572.0,12112.0
045811107,8365.0,7918.0
045811109,7443.0,6472.0
045811111,13680.0,14328.0
045811113,6975.0,6826.0
045811115,12829.0,14632.0
045870101,5870.0,7951.0
045870113,26174.0,34851.0
045870301,6906.0,7170.0
045870303,8290.0,8317.0
045870305,5568.0,5293.0
045870307,8010.0,9649.0
045870321,7603.0,8234.0
045870325,5344.0,6782.0
045870327,9523.0,10621.0
045870331,8140.0,8867.0
045870337,9099.0,10462.0
045870339,11645.0,12110.0
045870341,13134.0,13721.0
045870909,5256.0,4640.0
045870911,17175.0,18399.0
045870913,9444.0,10060.0
045870915,8701.0,9492.0
045870917,7387.0,8281.0
045870919,11021.0,11157.0
045870923,8508.0,7764.0
045870929,3850.0,4787.0
045870933,16688.0,17553.0
045870935,18065.0,19560.0
045870943,12140.0,14185.0
045870945,12264.0,13462.0
052810101,292453.0,359142.0
052810105,5905.0,16262.0
052810107,69645.0,78060.0
052810109,29965.0,31705.0
052810111,37216.0,43392.0
052810301,36192.0,41093.0
052810303,42662.0,51874.0
052810305,10738.0,11856.0
052810307,23915.0,29354.0
052810309,24263.0,26966.0
052810311,14162.0,15936.0
0528103132,,5055.0
0528103133,,19979.0
052810501,10340.0,9972.0
052810503,19260.0,20419.0
052810505,27429.0,31453.0
052810507,19914.0,23218.0
052810509,17566.0,18879.0
052810511,11700.0,12100.0
052810513,25982.0,27972.0
052810515,16075.0,18799.0
0528107012,,27312.0
0528107013,,2333.0
052810703,36270.0,43282.0
052810705,11812.0,11147.0
052810707,9289.0,8384.0
052810901,22178.0,27488.0
052810903,16894.0,17202.0
0528109052,,11839.0
0528109053,,12994.0
0528109072,,15769.0
0528109073,,5693.0
0528109092,,12701.0
0528109093,,3140.0
052810911,13383.0,15990.0
052810913,30112.0,36125.0
052810915,21152.0,22416.0
054810101,5403.0,6011.0
054810103,4296.0,5051.0
054810105,10187.0,20581.0
054810107,23876.0,27630.0
054810109,52168.0,57972.0
054810111,67622.0,74062.0
054810301,23930.0,24521.0
054810303,10014.0,8480.0
0548103052,,12963.0
0548103053,,7936.0
054810307,19453.0,20187.0
054810309,8835.0,8871.0
054810311,11512.0,11076.0
054810313,9248.0,8901.0
054810315,11491.0,11868.0
054810317,15796.0,16001.0
054810319,7525.0,7382.0
054810321,11437.0,14108.0
054810501,17153.0,17119.0
054810503,24681.0,27836.0
054810505,14157.0,15307.0
054810507,20552.0,22639.0
054810509,20984.0,22941.0
054810511,24418.0,26800.0
054810701,17799.0,17512.0
0548107032,,14578.0
0548107033,,2321.0
054810705,18198.0,17126.0
054810707,8695.0,8110.0
054810709,12248.0,13627.0
054810711,10248.0,10413.0
054810713,11023.0,11260.0
054810715,19986.0,20782.0
054810717,11740.0,13046.0
054810719,15748.0,16070.0
054810901,8081.0,8042.0
054810903,11047.0,11252.0
054810905,11522.0,10618.0
054810907,9768.0,9686.0
054810909,6883.0,6994.0
054810911,9228.0,9526.0
0548109132,,8326.0
0548109133,,6707.0
061110101,36977.0,46478.0
061110103,21327.0,27028.0
061110301,12473.0,12841.0
061110303,7412.0,7741.0
061110305,8181.0,9796.0
061110307,13334.0,14257.0
061110309,8096.0,8185.0
061110311,9306.0,9066.0
061110313,5288.0,5056.0
061110315,9129.0,9642.0
061110317,4874.0,4348.0
061110319,13070.0,12389.0
061110501,8654.0,5195.0
061110503,8480.0,12955.0
061110504,6196.0,6370.0
061110505,7503.0,8265.0
063110101,33321.0,40513.0
063110103,14319.0,15041.0
063110105,11263.0,10284.0
063110107,152090.0,166397.0
063110109,73953.0,83970.0
063110301,4024.0,5008.0
063110303,6968.0,5660.0
063110305,7023.0,7084.0
063110307,4908.0,5694.0
063110309,9087.0,8113.0
063110311,3594.0,3094.0
063110313,4936.0,4720.0
063110315,6627.0,3417.0
063110501,7661.0,6604.0
063110503,10252.0,9553.0
0631105052,,3267.0
0631105053,,10469.0
063110507,9609.0,8250.0
063110509,4997.0,4211.0
063110511,6907.0,5619.0
063110513,11260.0,14690.0
063110515,10072.0,9434.0
063110701,5769.0,4594.0
063110703,8592.0,7766.0
063110705,7653.0,7334.0
063110707,9077.0,8699.0
063110709,7637.0,7338.0
063110711,8062.0,6283.0
063110713,6149.0,6148.0
063110715,8927.0,8661.0
063110717,9273.0,8465.0
063110719,3076.0,2764.0
064610101,19135.0,21361.0
064610103,54781.0,89830.0
064610105,13798.0,16222.0
064610107,15822.0,18070.0
064610109,4292.0,5025.0
064610111,10019.0,10748.0
064610113,8950.0,9166.0
064610115,96217.0,116570.0
064610301,11770.0,13074.0
064610303,9239.0,9385.0
064610305,7506.0,7160.0
064610307,9467.0,8673.0
064610309,11836.0,11249.0
064610311,9718.0,8876.0
064610313,9492.0,8827.0
064610315,11376.0,11503.0
064610317,7808.0,7126.0
064610319,7452.0,7925.0
064610321,11899.0,11961.0
064610323,11813.0,10844.0
0646103252,,11969.0
0646103253,,3638.0
064610327,9522.0,9747.0
064610329,9109.0,8903.0
064610331,8342.0,8367.0
064610333,16785.0,18687.0
064610501,8931.0,8680.0
064610511,16344.0,16191.0
064610513,8358.0,9495.0
064610515,14645.0,17538.0
0646105252,,19286.0
0646105253,,7149.0
064610527,5534.0,5933.0
064610529,9732.0,10983.0
0646105312,,14286.0
0646105313,,8140.0
0646105332,,15973.0
0646105333,,3243.0
064610535,10294.0,10039.0
064610701,5318.0,5166.0
064610703,12460.0,12722.0
064610705,15998.0,17632.0
064610707,10003.0,10262.0
064610709,6836.0,7482.0
064610711,5783.0,5779.0
064610713,8418.0,7402.0
064610715,4669.0,3609.0
064610717,10271.0,10844.0
064610719,8374.0,8683.0
064610721,5606.0,4832.0
0646108032,,25693.0
0646108033,,10373.0
064610805,5718.0,6024.0
064610807,9630.0,11511.0
064610809,11680.0,13351.0
064610817,7591.0,7884.0
064610819,7936.0,7635.0
064610821,5697.0,6122.0
064610823,7602.0,7562.0
064610901,12330.0,14367.0
064610903,10633.0,11957.0
064610905,9861.0,9312.0
0646109072,,9449.0
0646109073,,1890.0
064610909,5954.0,5722.0
064610911,7457.0,7202.0
064610913,8021.0,8752.0
064610915,10938.0,10194.0
064610917,7647.0,7170.0
0646109192,,7324.0
0646109193,,2396.0
064610921,7215.0,6774.0
064610923,8984.0,8510.0
064610925,13540.0,13273.0
064610927,9947.0,10414.0
064610929,8396.0,7973.0
064610931,11271.0,11815.0
070410101,12162.0,20005.0
070410301,8834.0,9905.0
070410303,6113.0,6967.0
070410305,16210.0,19239.0
070410307,6898.0,8112.0
070410309,17307.0,19286.0
0704103112,,21938.0
0704103113,,867.0
070410313,11485.0,12454.0
0704103152,,19663.0
0704103153,,986.0
070410317,10347.0,10325.0
070410319,11216.0,12245.0
070410321,14156.0,14583.0
070410323,22056.0,21106.0
070410325,20939.0,22353.0
070410327,11057.0,11458.0
070410329,18239.0,19154.0
070410501,4527.0,4222.0
0704105032,,2928.0
0704105033,,10783.0
070410505,4143.0,4173.0
070410507,6599.0,6314.0
070410509,6202.0,5762.0
0704105112,,2658.0
0704105113,,3348.0
070410513,6058.0,6133.0
070410515,5660.0,5557.0
070410517,6224.0,6540.0
070410519,3896.0,3889.0
070410701,4332.0,4608.0
070410703,16253.0,18674.0
070410705,5126.0,5619.0
070410707,6305.0,6641.0
070410709,5594.0,5537.0
070410711,6435.0,6916.0
070410713,7390.0,7702.0
0704109012,,7706.0
0704109013,,3273.0
070410903,3798.0,4440.0
070410905,21982.0,26990.0
070410907,20545.0,22283.0
0704109092,,22977.0
0704109093,,6585.0
0704109112,,15062.0
0704109113,,6346.0
071610101,9738.0,15657.0
071610103,12592.0,17067.0
071610301,11631.0,11764.0
071610303,5834.0,6333.0
071610305,20453.0,22454.0
071610307,7132.0,7137.0
071610309,6606.0,6552.0
0716103112,,8050.0
0716103113,,11138.0
071610313,8713.0,9378.0
071610315,4764.0,4749.0
071610501,7275.0,7961.0
071610503,5875.0,5947.0
071610505,4762.0,5557.0
071610507,5437.0,6037.0
071610509,6981.0,7781.0
071610511,5418.0,5455.0
071610513,7516.0,6864.0
071610515,8029.0,8667.0
071610517,8485.0,8673.0
071610701,6690.0,7219.0
071610703,6753.0,6739.0
071610705,12474.0,14191.0
071610707,9042.0,9280.0
071610709,8836.0,9873.0
071610711,11521.0,11798.0
071610713,14681.0,15166.0
071610715,13704.0,15950.0
071610901,12167.0,12196.0
071610903,7605.0,8230.0
071610905,6999.0,7402.0
071610907,4370.0,4540.0
071610909,6578.0,6357.0
071610911,9628.0,9802.0
071610913,10171.0,10668.0
071610915,6377.0,7186.0
071910101,47080.0,62872.0
071910103,51404.0,68694.0
071910105,11219.0,20237.0
071910107,6292.0,6352.0
071910109,8701.0,12212.0
071910301,7982.0,7874.0
071910303,5652.0,6754.0
071910305,7720.0,8382.0
071910307,6428.0,7587.0
071910309,4406.0,4559.0
071910311,8193.0,9501.0
071910313,8779.0,9568.0
071910315,10286.0,11504.0
071910317,6180.0,6089.0
071910319,5739.0,6031.0
071910321,6808.0,7165.0
071910323,5879.0,6174.0
071910325,4715.0,4773.0
071910327,5063.0,5527.0
071910329,5375.0,6131.0
071910331,6977.0,6497.0
071910333,9562.0,11228.0
071910335,7474.0,8191.0
071910337,6925.0,9260.0
071910339,4785.0,5111.0
071910341,6475.0,8830.0
0719105012,,12433.0
0719105013,,1732.0
071910503,12910.0,13640.0
071910505,8602.0,9577.0
071910507,8344.0,9525.0
071910509,10222.0,10555.0
071910511,11789.0,10852.0
071910513,11890.0,11373.0
071910515,10460.0,10110.0
071910516,3040.0,3890.0
071910517,9694.0,9362.0
071910519,8370.0,9253.0
071910521,9819.0,10113.0
071910523,7587.0,6491.0
071910525,7638.0,8064.0
071910527,17131.0,17708.0
071910529,3960.0,3910.0
071910531,15635.0,15996.0
071910533,26778.0,27415.0
071910701,7255.0,7499.0
071910703,9870.0,8888.0
071910705,9453.0,9554.0
071910707,9520.0,10060.0
071910709,12689.0,13225.0
071910711,6787.0,5382.0
071910713,8455.0,8554.0
071910715,10195.0,10175.0
071910717,6930.0,6894.0
071910719,11746.0,12159.0
071910721,6166.0,6318.0
0719107232,,9994.0
0719107233,,4352.0
071910725,9079.0,8942.0
071910901,6006.0,5662.0
071910903,6294.0,5748.0
071910905,10375.0,11012.0
071910907,9640.0,10172.0
071910909,11867.0,14651.0
071910911,9343.0,9641.0
071910913,11680.0,12924.0
071910915,6869.0,6398.0
0719109172,,12426.0
0719109173,,5066.0
071910919,9572.0,9907.0
072110101,2118.0,2497.0
072110103,3898.0,4698.0
072110105,56074.0,69493.0
072110107,3406.0,4133.0
072110109,8620.0,9984.0
072110301,7373.0,7081.0
072110303,14584.0,15037.0
072110305,8882.0,8984.0
072110307,6671.0,6669.0
072110309,11638.0,10842.0
072110311,6767.0,6878.0
072110313,5445.0,5324.0
072110315,6984.0,7029.0
072110317,4596.0,4220.0
072110319,5857.0,6273.0
072110321,5884.0,5969.0
072110323,4769.0,4583.0
072110325,5245.0,5463.0
072110327,7623.0,7782.0
072110329,4495.0,3878.0
0721103312,,11276.0
0721103313,,912.0
072110333,7955.0,6963.0
072110335,7770.0,7635.0
072110337,7081.0,6623.0
072110339,7249.0,7880.0
072110341,9662.0,9553.0
072110343,13343.0,13203.0
072110345,6083.0,6088.0
0721103472,,5936.0
0721103473,,1174.0
072110349,11866.0,11479.0
072110351,6195.0,6432.0
072110501,3572.0,3321.0
072110503,8559.0,8934.0
072110505,5009.0,4917.0
072110507,5489.0,5437.0
072110509,7536.0,7603.0
072110511,8418.0,8605.0
072110513,6501.0,6627.0
072110515,6554.0,6557.0
072110517,6949.0,7369.0
072110519,5982.0,6650.0
072110521,5989.0,6432.0
072110523,7427.0,7148.0
072110525,8357.0,8215.0
072110527,6059.0,6044.0
072110529,7736.0,7360.0
072110531,4992.0,5102.0
072110533,6359.0,6183.0
072110535,4902.0,4301.0
072110537,3895.0,4335.0
0721105392,,4415.0
0721105393,,2675.0
072110541,5097.0,5234.0
072110543,4275.0,4552.0
072110545,5322.0,5135.0
072110547,7654.0,7870.0
072110549,5146.0,4769.0
072110551,4727.0,5218.0
073510101,25125.0,22111.0
073510103,38355.0,54111.0
073510105,148305.0,173101.0
073510107,192323.0,167233.0
073510109,148403.0,281663.0
073510111,116532.0,124935.0
073510301,17220.0,20925.0
073510303,13209.0,17007.0
0735103052,,10390.0
0735103053,,1365.0
073510307,7646.0,13686.0
073510309,16573.0,19188.0
073510311,15909.0,14747.0
073510501,9170.0,11079.0
073510503,11073.0,12164.0
0735105052,,18010.0
0735105053,,8989.0
073510507,24405.0,39071.0
0735105092,,1564.0
0735105093,,10067.0
073510511,15551.0,19295.0
073510513,18205.0,30137.0
081130101,20508.0,19482.0
081130105,3228.0,2983.0
081130107,7992.0,8969.0
081130109,77026.0,80012.0
081130125,2563.0,3338.0
081130129,16518.0,22904.0
081130301,12474.0,13809.0
081130307,7507.0,10304.0
081130309,14868.0,15493.0
0811303112,,11668.0
0811303113,,2312.0
081130503,21800.0,20560.0
081130505,12800.0,12539.0
081130513,6008.0,5195.0
081130515,5901.0,5400.0
081130517,3787.0,3150.0
0811305192,,16065.0
0811305193,,16145.0
082510101,19631.0,25947.0
082510103,14245.0,12577.0
082510301,1332.0,1144.0
0825103032,,6902.0
0825103033,,8029.0
0825103052,,7564.0
0825103053,,3254.0
082510307,8772.0,11231.0
082510309,6629.0,7488.0
0825103112,,7553.0
0825103113,,7098.0
082510501,1862.0,1497.0
082510503,9014.0,9059.0
082510505,8623.0,8030.0
0825105072,,5803.0
0825105073,,6254.0
082750103,10532.0,13526.0
082750117,59367.0,43916.0
082750135,4638.0,3429.0
082750303,2395.0,2654.0
082750305,5560.0,5748.0
082750307,4055.0,3790.0
082750309,2617.0,2546.0
082750313,1446.0,1694.0
0827503152,,865.0
0827503153,,1942.0
0827503212,,4320.0
0827503213,,1997.0
082750501,5207.0,7089.0
082750511,2198.0,2841.0
082750513,5596.0,6488.0
082750515,3001.0,2995.0
083810101,27049.0,36021.0
083810103,23897.0,31800.0
083810105,112450.0,126207.0
083810107,25920.0,29851.0
083810109,19012.0,20181.0
083810301,11616.0,11258.0
083810303,8693.0,7188.0
083810305,9653.0,5977.0
0838103072,,7684.0
0838103073,,2990.0
0838103092,,18164.0
0838103093,,10381.0
083810311,7924.0,5765.0
083810313,6318.0,5032.0
0838105012,,7593.0
0838105013,,9497.0
0838105032,,18862.0
0838105033,,4188.0
083810505,10448.0,9623.0
083810507,8835.0,7331.0
0838105092,,16470.0
0838105093,,6909.0
0838105112,,9439.0
0838105113,,10994.0
083810513,11725.0,11815.0
0838105152,,1102.0
0838105153,,25480.0
083810517,9502.0,9001.0
0838105192,,15666.0
0838105193,,9211.0
083810701,4432.0,3413.0
083810703,2058.0,1619.0
0838107052,,13732.0
0838107053,,5266.0
083810707,9061.0,10496.0
083810709,8483.0,8113.0
083810711,4303.0,3666.0
083810713,18548.0,22173.0
0838107152,,5356.0
0838107153,,4532.0
0838107172,,5990.0
0838107173,,4050.0
083810901,6439.0,5337.0
0838109032,,10445.0
0838109033,,10446.0
083810905,7532.0,7158.0
083810907,11324.0,10504.0
083810909,10594.0,7527.0
083810911,13990.0,11288.0
0838109132,,2793.0
0838109133,,13229.0
083810915,4958.0,3232.0
083810917,6630.0,6921.0
083810919,7464.0,6342.0
0838109212,,6848.0
0838109213,,3555.0
083810923,7172.0,6161.0
0838109252,,12749.0
0838109253,,2188.0
083810927,11491.0,11541.0
0838109292,,8158.0
0838109293,,2126.0
084110111,6663.0,8919.0
084110119,1641.0,1151.0
084110123,357278.0,400738.0
084110701,14766.0,16494.0
084110703,5727.0,5082.0
084110705,7509.0,7104.0
084110707,2311.0,1922.0
084110709,10139.0,23896.0
084110711,5506.0,4832.0
084110717,3840.0,3526.0
084110719,3683.0,3436.0
085330113,4477.0,4596.0
085330115,30789.0,34767.0
085330133,57956.0,80024.0
085330305,2186.0,2471.0
085330315,3487.0,2174.0
085330317,11580.0,13863.0
085330319,10260.0,9759.0
085330703,10265.0,9210.0
085330709,9400.0,7435.0
085330713,6435.0,6378.0
085330721,7839.0,7452.0
085330901,12706.0,14202.0
085330907,5800.0,6732.0
085330911,7112.0,7699.0
091410101,91970.0,95539.0
091410103,179296.0,180394.0
091410107,254456.0,218918.0
091410111,220426.0,186754.0
091410113,166274.0,145928.0
091410121,139323.0,155489.0
091410123,99210.0,104310.0
091410125,174635.0,156501.0
091410131,235134.0,323944.0
091410141,188118.0,253600.0
091410151,153118.0,165324.0
091410153,134697.0,289253.0
091410161,195753.0,163052.0
091410163,129655.0,122827.0
091410171,167909.0,207624.0
091410173,183195.0,176983.0
091410181,3956.0,3365.0
093550103,11669.0,14712.0
093550105,5796.0,11710.0
093550301,16184.0,23322.0
0935503032,,5601.0
0935503033,,47261.0
093550305,12825.0,20245.0
093710101,170063.0,188619.0
093710103,27741.0,41853.0
0937103012,,18233.0
0937103013,,11490.0
093710303,26099.0,40311.0
093710305,7753.0,9368.0
093710307,10410.0,12412.0
093850103,9989.0,12696.0
0938503012,,44866.0
0938503013,,13453.0
0938503014,,33940.0
093850303,45177.0,115367.0
093850305,12016.0,15797.0
102910101,88839.0,105088.0
102910103,11433.0,12172.0
102910105,49918.0,69640.0
102910301,11685.0,10236.0
102910303,10102.0,10224.0
102910305,6110.0,5232.0
102910307,18273.0,19461.0
102910309,14699.0,13404.0
102910311,13483.0,16698.0
102910313,9119.0,8051.0
102910315,9397.0,8740.0
102910317,15231.0,18587.0
102910501,2427.0,2213.0
102910503,12320.0,10676.0
102910505,4853.0,4454.0
102910507,6887.0,6572.0
1029105092,,2981.0
1029105093,,9190.0
1029105112,,9554.0
1029105113,,9460.0
1029105132,,8247.0
1029105133,,3584.0
102910701,11836.0,11411.0
102910705,14872.0,12371.0
102910707,16778.0,15506.0
102910709,7205.0,6429.0
102910711,13967.0,12560.0
102910713,10597.0,11075.0
102910715,6479.0,5603.0
102910901,10573.0,10151.0
102910903,5077.0,4915.0
102910905,5341.0,5514.0
102910907,4359.0,4396.0
102910909,6889.0,6562.0
102910911,13645.0,14705.0
102910913,12508.0,13654.0
102910915,6909.0,7200.0
1029109172,,5415.0
1029109173,,9884.0
104210101,74006.0,90568.0
104210103,170138.0,172863.0
104210105,146488.0,128425.0
104210106,25070.0,27323.0
104210107,8080.0,6452.0
104210109,199675.0,202301.0
104410103,114120.0,140383.0
104410105,102142.0,103165.0
104410106,74930.0,163672.0
104410107,83777.0,118233.0
104410109,204881.0,234733.0
104410301,19959.0,19706.0
1044103032,,34279.0
1044103033,,9314.0
105010101,13708.0,25105.0
105010103,6386.0,9245.0
105010105,29599.0,43025.0
105010107,130793.0,225497.0
105010301,4637.0,5999.0
105010303,8204.0,10530.0
105010311,19285.0,28773.0
105010501,15513.0,17688.0
105010503,6665.0,14488.0
105010505,10011.0,12912.0
111810101,32739.0,36722.0
111810103,119083.0,144440.0
111810105,10540.0,15267.0
111810107,34225.0,39593.0
111810109,10310.0,11896.0
111810301,26160.0,28939.0
111810303,23358.0,34607.0
111810305,15301.0,16879.0
111810307,15183.0,15938.0
111810309,19415.0,20239.0
1118103112,,25088.0
1118103113,,3597.0
1118105012,,34428.0
1118105013,,6482.0
1118105014,,3889.0
1118105015,,981.0
111810503,18518.0,21779.0
111810505,20889.0,22342.0
111810507,25090.0,27475.0
111810509,16421.0,20854.0
111810511,8945.0,10745.0
111810701,16663.0,17288.0
111810703,13734.0,14955.0
1118107052,,22737.0
1118107053,,7803.0
111810707,16159.0,17654.0
111810709,6229.0,6637.0
111810711,16603.0,15506.0
1118107132,,11113.0
1118107133,,1638.0
111810715,13343.0,14313.0
111810717,12622.0,13314.0
1118107192,,13793.0
1118107193,,4465.0
111810721,13105.0,15046.0
111810723,13072.0,14853.0
111810725,11744.0,11627.0
111810727,10715.0,11879.0
1118107292,,10423.0
1118107293,,1443.0
111810731,8353.0,7641.0
111810733,17636.0,18902.0
111810735,9840.0,9701.0
111810901,14154.0,14404.0
111810903,10175.0,9590.0
111810905,25115.0,25587.0
111810907,12436.0,15050.0
111810909,14553.0,15205.0
111810911,10618.0,10854.0
1118109132,,6660.0
1118109133,,10387.0
111810915,9313.0,11212.0
111810917,6984.0,6507.0
1118109192,,20325.0
1118109193,,4244.0
111810921,9349.0,9519.0
111810923,10879.0,12726.0
111811101,28033.0,32091.0
111811103,23127.0,23074.0
1118111052,,9607.0
1118111053,,5826.0
111811107,20251.0,24967.0
111811109,29123.0,30286.0
114310103,262276.0,284750.0
114310107,18010.0,21859.0
114310109,13548.0,15325.0
114310111,10363.0,13943.0
114310113,60451.0,64518.0
1143103012,,20142.0
1143103013,,1558.0
114310303,11022.0,11278.0
114310305,14044.0,14279.0
114310307,12401.0,12945.0
114310309,15639.0,16812.0
114310311,11346.0,11393.0
114310313,10015.0,9719.0
114310315,14649.0,15686.0
114310501,6214.0,6427.0
1143105032,,11142.0
1143105033,,7751.0
114310505,14368.0,14449.0
1143105072,,20240.0
1143105073,,1475.0
114310509,18919.0,19251.0
114310511,15616.0,17644.0
114310513,15974.0,15915.0
114310515,17844.0,18224.0
114310517,15647.0,18709.0
114310701,10973.0,10841.0
114310703,24965.0,25502.0
114310705,14178.0,15016.0
114310707,11904.0,12107.0
114310709,12463.0,13892.0
114310711,20205.0,20797.0
114310713,16751.0,16780.0
114310715,13475.0,14988.0
1143109012,,21060.0
1143109013,,3116.0
114310903,10726.0,11249.0
114310905,10684.0,12160.0
1143109072,,22683.0
1143109073,,1028.0
114310909,14049.0,14354.0
120810101,18080.0,27719.0
120810103,17782.0,23459.0
120810301,10805.0,11745.0
120810303,8394.0,10391.0
120810305,7753.0,9493.0
120810307,18888.0,21742.0
120810309,11598.0,13012.0
120810311,10882.0,11115.0
120810313,8882.0,10435.0
120810501,6855.0,7340.0
120810503,19560.0,20905.0
120810505,11548.0,11579.0
1208105072,,10184.0
1208105073,,4323.0
1208105092,,4298.0
1208105093,,5360.0
120810511,12369.0,12621.0
120810513,10666.0,9730.0
120810515,8927.0,7935.0
120810517,10741.0,10007.0
120810519,12503.0,11610.0
120810521,6758.0,6304.0
120810701,5694.0,6740.0
120810703,14551.0,15831.0
120810705,14193.0,15377.0
120810707,15779.0,18720.0
120810709,12559.0,13784.0
120810711,9063.0,9796.0
120810713,19746.0,22022.0
120810715,11174.0,13149.0
120810717,15080.0,16637.0
120810719,11561.0,11883.0
120810721,10844.0,11411.0
1208109012,,8184.0
1208109013,,11898.0
120810903,3097.0,3185.0
120810905,1965.0,1786.0
120810907,2843.0,3221.0
120810909,3007.0,3362.0
120810911,6098.0,5721.0
120810913,2029.0,2000.0
1208109152,,5000.0
1208109153,,8940.0
120810917,3150.0,3620.0
120810919,10267.0,12184.0
120810921,2457.0,3023.0
120810923,8474.0,9610.0
120810925,5903.0,6110.0
120910101,140212.0,163286.0
120910103,15355.0,18481.0
120910105,74697.0,82446.0
120910107,36570.0,40898.0
120910109,18958.0,21466.0
120910111,40339.0,51049.0
120910113,19906.0,22728.0
120910301,7194.0,7802.0
120910303,10708.0,11256.0
1209103052,,5672.0
1209103053,,11906.0
1209103072,,20081.0
1209103073,,7692.0
1209103092,,13985.0
1209103093,,4693.0
1209105012,,17794.0
1209105013,,9821.0
120910503,39990.0,41731.0
120910505,14041.0,13635.0
120910507,26508.0,26527.0
120910509,33732.0,31905.0
120910511,21970.0,22697.0
120910513,14109.0,14535.0
1209107012,,6100.0
1209107013,,6300.0
120910703,9531.0,9893.0
120910705,5452.0,6333.0
120910707,19559.0,19130.0
120910709,10190.0,13795.0
120910711,6409.0,6433.0
120910713,18046.0,18942.0
120910715,9412.0,10874.0
120910717,6003.0,10060.0
120910901,14496.0,14341.0
120910903,12885.0,11582.0
120910905,15249.0,14960.0
1209109072,,29743.0
1209109073,,6564.0
120910909,12014.0,12614.0
120910911,32336.0,34103.0
120911101,14701.0,14621.0
120911103,11598.0,12804.0
120911105,12454.0,13618.0
120911107,10786.0,11122.0
130610101,393791.0,469169.0
130610103,8061.0,5387.0
130610105,4223.0,6326.0
130610107,12668.0,13852.0
130610109,12521.0,12611.0
130610111,28694.0,47824.0
1306103012,,10536.0
1306103013,,2610.0
1306103032,,5910.0
1306103033,,3828.0
130610305,3707.0,3716.0
130610307,5532.0,5455.0
130610309,5353.0,6104.0
130610311,6515.0,6076.0
130610501,11355.0,13541.0
130610503,10847.0,8514.0
1306105052,,17160.0
1306105053,,3952.0
130610507,12703.0,13634.0
1306105092,,10774.0
1306105093,,4362.0
130610701,5154.0,5540.0
130610703,5034.0,4180.0
130610705,8212.0,7774.0
1306107072,,7539.0
1306107073,,1070.0
130610709,6594.0,6151.0
130610711,10097.0,10014.0
131710101,10033.0,13291.0
131710103,16070.0,22030.0
131710105,23369.0,27667.0
131710107,15575.0,21513.0
131710301,4819.0,4303.0
131710303,13886.0,14615.0
1317103052,,4104.0
1317103053,,3585.0
131710307,5849.0,6119.0
131710309,3866.0,4151.0
1317105012,,12101.0
1317105013,,4258.0
131710503,11348.0,13310.0
131710505,9486.0,10552.0
131710507,24991.0,29296.0
131710701,7155.0,8635.0
131710703,5799.0,6375.0
131710705,8340.0,10483.0
132010101,18563.0,23637.0
132010103,8294.0,9867.0
132010105,62542.0,76759.0
132010107,13952.0,20155.0
132010109,14026.0,16593.0
132010111,12143.0,12135.0
132010113,18450.0,20469.0
132010115,5755.0,7494.0
132010301,5060.0,4937.0
132010303,18522.0,18332.0
1320103052,,17103.0
1320103053,,3072.0
132010307,9159.0,7881.0
132010309,4120.0,4087.0
132010311,10151.0,11237.0
132010313,6836.0,7043.0
132010501,9054.0,9578.0
132010503,5090.0,5273.0
132010505,8062.0,6553.0
1320107012,,10234.0
1320107013,,1272.0
132010703,12207.0,13803.0
132010705,12131.0,13324.0
132010707,13075.0,13017.0
132010709,6729.0,5709.0
132010901,3675.0,5186.0
1320109032,,9439.0
1320109033,,3987.0
132010905,9718.0,11931.0
132010907,4716.0,3499.0
132010909,6309.0,6443.0
132010911,6372.0,7424.0
132010913,6624.0,4595.0
132011101,22600.0,16709.0
132011103,4673.0,5575.0
132011105,22258.0,16163.0
132011107,4666.0,5337.0
132011109,3572.0,3081.0
132011301,8249.0,9357.0
132011303,18889.0,20214.0
132011305,12653.0,12624.0
132011307,10958.0,11879.0
132011309,6521.0,6742.0
132011311,14604.0,16681.0
132011313,7959.0,7346.0
132011501,4219.0,4455.0
132011503,4787.0,5119.0
132011505,7838.0,8903.0
132011507,7253.0,8222.0
132011509,5898.0,6137.0
132710101,40808.0,47540.0
132710103,11209.0,13074.0
1327103012,,4896.0
1327103013,,5278.0
132710303,6314.0,6283.0
1327103052,,8540.0
1327103053,,2488.0
1327103072,,13334.0
1327103073,,2895.0
132710309,10838.0,10849.0
1327103112,,7573.0
1327103113,,2507.0
132718101,6868.0,8699.0
132718103,8646.0,9424.0
133010101,60835.0,72672.0
133010103,38986.0,44781.0
133010105,25942.0,35196.0
1330103012,,7818.0
1330103013,,11806.0
133010303,2626.0,2621.0
1330103052,,8178.0
1330103053,,8541.0
1330103072,,5631.0
1330103073,,1967.0
133010309,6837.0,7846.0
133010311,7557.0,8559.0
1330103132,,6740.0
1330103133,,7336.0
133010501,9170.0,8817.0
1330105032,,24459.0
1330105033,,11390.0
133010505,5422.0,4985.0
1330105072,,13221.0
1330105073,,2217.0
1330105092,,4860.0
1330105093,,2421.0
133010511,9480.0,9424.0
1330105132,,10728.0
1330105133,,28933.0
1330105152,,4087.0
1330105153,,5241.0
133010517,11480.0,11314.0
133010519,10339.0,10209.0
133010521,3660.0,2762.0
133010523,4098.0,3614.0
1330105252,,11251.0
1330105253,,5089.0
1330107012,,6589.0
1330107013,,1703.0
133010703,4591.0,4431.0
133010705,8871.0,11260.0
133010707,4590.0,4310.0
133010709,7233.0,8431.0
133010711,5713.0,6183.0
133010713,3918.0,4313.0
1330107152,,2760.0
1330107153,,12444.0
1330107172,,4772.0
1330107173,,5947.0
133010719,3438.0,3087.0
133010721,2462.0,2538.0
133010723,2940.0,2777.0
133010725,2997.0,3053.0
1330107272,,5028.0
1330107273,,7278.0
1330107292,,4952.0
1330107293,,4968.0
141310101,6067.0,6910.0
141310102,2502.0,4001.0
141310103,12777.0,20978.0
141310105,9987.0,13945.0
141310301,3580.0,3480.0
141310303,2779.0,2243.0
141310305,2689.0,2698.0
141310307,6050.0,5891.0
141310309,7684.0,8164.0
1413103112,,11059.0
1413103113,,7976.0
141310313,3780.0,3726.0
141310315,8011.0,8713.0
141310317,4307.0,3710.0
141310501,9178.0,10067.0
141310503,4928.0,5509.0
141310505,8924.0,9522.0
141310701,6269.0,7609.0
141310703,6574.0,6774.0
141310705,24279.0,26022.0
141310707,7813.0,6669.0
141310709,7195.0,9444.0
142310101,129914.0,144064.0
142310103,34796.0,26078.0
142310105,78047.0,156590.0
142310107,109137.0,91473.0
142310109,154691.0,174226.0
142310111,177400.0,191093.0
142310113,88199.0,163291.0
1423181012,,14088.0
1423181013,,5056.0
142318103,5952.0,6854.0
1423181052,,1816.0
1423181053,,3317.0
144510101,10678.0,11638.0
144510103,10785.0,11484.0
144510105,11555.0,13745.0
144510107,8373.0,12654.0
144510109,54163.0,64006.0
144510301,2516.0,2236.0
1445103032,,2208.0
1445103033,,3570.0
144510305,10184.0,9714.0
144510307,4753.0,4022.0
144510309,12657.0,11050.0
144510311,6209.0,5284.0
144510313,8364.0,7821.0
144510315,6693.0,6516.0
144510317,2206.0,2047.0
1445105012,,11039.0
1445105013,,4436.0
144510503,15882.0,17400.0
144510701,15146.0,15835.0
144510703,5648.0,5290.0
144510705,2459.0,2493.0
144510707,7235.0,8709.0
144510709,8900.0,9343.0
144510711,9030.0,11292.0
144510713,5588.0,5745.0
145910101,2726.0,3153.0
145910301,19626.0,36368.0
145910303,7303.0,6773.0
145910305,17999.0,20695.0
145910307,11979.0,12232.0
145910501,12079.0,12269.0
145910502,10581.0,11534.0
145910503,13268.0,13931.0
145910505,10229.0,11283.0
145910507,9444.0,9393.0
145910509,12342.0,12791.0
150510101,55216.0,55357.0
150510103,13128.0,15497.0
150510105,25547.0,26575.0
150510107,9593.0,11560.0
150510301,10280.0,10298.0
150510303,8600.0,9461.0
150510305,8487.0,9922.0
150510307,10066.0,9870.0
150510501,7615.0,6742.0
1505105032,,12475.0
1505105033,,3987.0
150510505,8110.0,7272.0
150510507,9400.0,7566.0
1505105092,,4267.0
1505105093,,2061.0
150510511,8791.0,6769.0
1505105132,,8310.0
1505105133,,1788.0
150510515,3934.0,4437.0
150510517,5500.0,6325.0
150510519,11859.0,11524.0
150510521,9231.0,8092.0
150510523,7436.0,5669.0
150510525,6709.0,5974.0
150510701,19494.0,24013.0
150510703,7202.0,8949.0
150510705,9721.0,8084.0
150510707,5703.0,5959.0
150510709,6409.0,8102.0
150510711,7502.0,8112.0
1505107132,,13787.0
1505107133,,1638.0
150510715,13444.0,15924.0
150510717,8249.0,9673.0
150510719,10592.0,10242.0
150510721,5861.0,4888.0
150510723,4720.0,5115.0
150510725,10208.0,12610.0
150510727,7122.0,6750.0
155310101,4255.0,5492.0
155310103,13271.0,16712.0
155310105,24378.0,32629.0
155310107,3311.0,3792.0
155310109,7059.0,9566.0
155310301,6273.0,6593.0
155310303,19047.0,18471.0
155310305,14280.0,13712.0
155310307,7447.0,8392.0
155310309,15266.0,15216.0
155310311,12742.0,15744.0
155310313,6818.0,8649.0
155310315,7100.0,8297.0
155310317,12750.0,14930.0
155310319,13570.0,15644.0
155310321,13356.0,13622.0
155310323,12503.0,15085.0
155310501,9038.0,9002.0
155310503,15937.0,16652.0
155310505,18876.0,18779.0
155310507,17998.0,19076.0
155310509,15474.0,16515.0
155310511,21330.0,22705.0
155310513,8604.0,8282.0
155310515,17235.0,16602.0
155310517,13096.0,13567.0
155310701,16693.0,16410.0
155310703,11809.0,11775.0
155310705,8952.0,8421.0
155310707,13393.0,13691.0
155310709,23257.0,26124.0
155310711,12546.0,12764.0
155310713,10883.0,12939.0
155310715,9467.0,9634.0
155310717,5528.0,4802.0
155310719,22568.0,21453.0
155310721,7666.0,7934.0
155310901,20647.0,22575.0
155310903,12498.0,12196.0
155310905,11050.0,11165.0
155310907,17975.0,18495.0
155310909,7927.0,7997.0
155310911,9052.0,9497.0
155310913,9818.0,9983.0
155310915,8498.0,8896.0
155310917,12007.0,12271.0
155310919,10855.0,10545.0
155310921,16280.0,15949.0
155310923,18464.0,18990.0
155610101,3325.0,4066.0
155610103,41997.0,57307.0
155610105,6524.0,8246.0
155610107,20147.0,25655.0
155610111,120971.0,139686.0
1556103012,,11176.0
1556103013,,1451.0
155610303,10516.0,9831.0
155610305,12098.0,11860.0
155610307,4145.0,3456.0
155610309,12354.0,10500.0
1556103112,,6690.0
1556103113,,1695.0
155610501,6311.0,6721.0
155610503,11371.0,11409.0
155610505,17762.0,32866.0
155610507,12024.0,13813.0
155610509,11138.0,9891.0
155610511,2406.0,1951.0
155610513,9971.0,10708.0
155610515,18331.0,19547.0
155610517,18857.0,20474.0
155610701,30683.0,28014.0
155610703,10505.0,10703.0
155610705,9216.0,9259.0
155610707,24600.0,23447.0
1556107092,,14740.0
1556107093,,4193.0
155610711,9718.0,8498.0
155610901,17112.0,16362.0
155610903,3336.0,3534.0
155610905,10580.0,10406.0
1556109072,,9680.0
1556109073,,2194.0
155610909,8239.0,8099.0
155610911,3722.0,3465.0
1556109132,,6232.0
1556109133,,3860.0
155611101,14246.0,12378.0
155611103,9763.0,9065.0
155611105,8992.0,7710.0
155611107,11229.0,10343.0
155611109,11161.0,10153.0
155611111,11013.0,8808.0
1556111132,,9341.0
1556111133,,1905.0
155611115,10034.0,8073.0
155611301,6878.0,6100.0
155611303,21132.0,20846.0
155611305,15033.0,13678.0
155611307,20162.0,21111.0
155611309,9009.0,7532.0
155611311,4500.0,4070.0
155611313,11088.0,10439.0
161510101,31410.0,35709.0
161510301,8580.0,10038.0
1615103032,,18196.0
1615103033,,5043.0
161510305,10292.0,10365.0
161510307,10287.0,12923.0
161510309,15836.0,19585.0
161510311,11793.0,15577.0
161510313,20683.0,23132.0
161510315,13060.0,16559.0
1615103172,,9092.0
1615103173,,2984.0
161510319,13966.0,16075.0
161510321,9661.0,12088.0
161510323,19932.0,24541.0
1615105012,,24543.0
1615105013,,4006.0
161510503,9864.0,11706.0
161510505,7960.0,9951.0
161510507,7508.0,9662.0
161510509,9143.0,10762.0
161510511,6544.0,7720.0
161510513,6220.0,7077.0
161510515,6210.0,7219.0
161510701,11734.0,15254.0
161510703,14110.0,18542.0
161510705,18777.0,23396.0
161510707,9105.0,10637.0
161510709,8818.0,10659.0
161510711,6517.0,8139.0
161510713,9604.0,11711.0
161510901,10367.0,11851.0
161510903,13056.0,13113.0
1615109052,,9489.0
1615109053,,1510.0
161510907,12157.0,15165.0
1615109092,,9184.0
1615109093,,1680.0
1615109112,,35889.0
1615109113,,3830.0
162270305,13415.0,15035.0
162270311,6765.0,7173.0
162270313,6610.0,8949.0
162270321,11484.0,13362.0
162270501,7258.0,10501.0
162270505,8818.0,10995.0
162270507,10286.0,20541.0
162270509,9743.0,10739.0
163310101,107065.0,107380.0
163310103,90400.0,107371.0
163310301,12584.0,12161.0
163310303,12897.0,14876.0
163310305,29550.0,35161.0
163310307,10438.0,22426.0
163310309,11623.0,12362.0
163310311,14570.0,16903.0
163310313,13175.0,13142.0
163310315,11434.0,11005.0
163310317,18985.0,20930.0
163310501,9991.0,8678.0
163310503,9809.0,10288.0
163310505,18032.0,16393.0
163310507,12938.0,12266.0
163310509,14841.0,15890.0
1633105112,,10959.0
1633105113,,4826.0
163310513,5908.0,6438.0
163310515,11978.0,12931.0
165110101,24588.0,28217.0
165110103,144154.0,238382.0
165110105,108577.0,141987.0
165110106,105882.0,115839.0
165110107,138534.0,173477.0
165110301,4095.0,3031.0
165110303,4294.0,4132.0
165110305,5028.0,4895.0
1651103072,,3071.0
1651103073,,1424.0
165110309,14810.0,12946.0
165110311,6157.0,5588.0
1651103132,,9794.0
1651103133,,1101.0
1651181032,,15512.0
1651181033,,3187.0
165710101,34486.0,53559.0
165710103,23143.0,39011.0
165710105,21093.0,36596.0
165710107,7575.0,8383.0
165710111,277516.0,320539.0
165710301,6473.0,6552.0
165710303,5654.0,6126.0
165710307,8006.0,7646.0
1657103092,,3104.0
1657103093,,1100.0
165710315,7610.0,9970.0
165710317,5329.0,6683.0
165710319,6964.0,7434.0
165710501,8699.0,10156.0
165710503,2588.0,3018.0
165710505,10146.0,11135.0
165710507,10094.0,12611.0
165710509,5645.0,6457.0
165710511,4049.0,4620.0
165710513,4450.0,5364.0
165710515,7331.0,8219.0
1657105172,,1909.0
1657105173,,4780.0
165710519,4890.0,5612.0
165710521,6704.0,7402.0
165710523,6420.0,8486.0
165710525,9479.0,10495.0
165710527,5565.0,6539.0
